Player,Span,Mat,Inns,NO,Runs,HS,Ave,SR,100,50,0
PW Hasaranga,2022-2022,50,34,8,409,77*,15.73,134.53,-,2,2
Pramod Madushan,2022-2022,18,8,5,44,23*,14.66,88.00,-,-,1
CG Khurana,2022-2022,7,7,-,108,73,15.42,91.52,-,1,1
PK Panchal,2022-2022,5,5,1,169,59,42.25,138.52,-,1,-
SR Mohanty,2022-2022,5,4,1,33,19,11.00,82.50,-,-,-
Sumeet Verma,2022-2022,7,6,-,162,51,27.00,174.19,-,2,1
A Juyal,2022-2022,7,7,3,218,71*,54.50,120.44,-,2,-
MS Silva,2022-2022,2,1,-,6,6,6.00,54.54,-,-,-
L Tywaku,2022-2022,2,2,2,8,8*,0.00,40.00,-,-,-
Mohammad Aadil Alam,2022-2022,11,9,2,157,47*,22.42,150.96,-,-,-
Aamer Jamal,2022-2022,10,9,4,175,47*,35.00,190.21,-,-,-
Aamer Yamin,2022-2022,13,11,2,130,37,14.44,131.31,-,-,1
Aamir Kaleem,2022-2022,5,2,-,9,9,4.50,56.25,-,-,1
Aamir Lal,2022-2022,4,4,-,39,34,9.75,169.56,-,-,1
Aaqib Khan,2022-2022,1,-,-,-,-,0.00,0.00,-,-,-
Aarif Sheikh,2022-2022,17,14,4,198,38,19.80,106.45,-,-,1
VR Aaron,2022-2022,8,2,1,9,9*,9.00,128.57,-,-,1
Aaron Jones,2022-2022,5,5,-,78,38,15.60,96.29,-,-,-
Aasif Sheikh,2022-2022,18,17,1,410,87*,25.62,118.84,-,2,2
Aayan Afzal Khan,2022-2022,5,3,-,49,25,16.33,108.88,-,-,-
P Abanda,2022-2022,9,8,-,29,16,3.62,58.00,-,-,2
Z Abbasi,2022-2022,3,3,-,20,16,6.66,153.84,-,-,1
Abbas Afridi,2022-2022,8,3,-,7,5,2.33,100.00,-,-,-
SA Abbott,2022-2022,22,15,3,86,41,7.16,114.66,-,-,2
R Abdulkareem,2022-2022,7,1,-,-,-,0.00,0.00,-,-,1
Abdullah Adil,2022-2022,7,5,3,20,9,10.00,105.26,-,-,-
Abdullah Akbarjan,2022-2022,15,10,2,36,13,4.50,67.92,-,-,2
Abdullah Mahmood,2022-2022,1,-,-,-,-,0.00,0.00,-,-,-
Abdullah Shafique,2022-2022,18,18,-,339,52,18.83,120.64,-,1,1
Abdullah Shahid,2022-2022,3,3,-,45,34,15.00,80.35,-,-,-
Abdullah Sheikh,2022-2022,3,2,1,3,2,3.00,42.85,-,-,-
Abdulla Popalzae,2022-2022,1,1,-,-,-,0.00,0.00,-,-,1
Abdulmalik Jabarkhel,2022-2022,2,-,-,-,-,0.00,0.00,-,-,-
Abdul-Shakoor Rahimzei,2022-2022,7,5,1,73,30*,18.25,135.18,-,-,-
Abdul Bangalzai,2022-2022,11,11,2,272,67*,30.22,128.90,-,2,-
Abdul Basith,2022-2022,8,7,4,109,27*,36.33,149.31,-,-,-
Abdul Hadi,2022-2022,2,2,-,-,-,0.00,0.00,-,-,2
Abdul Majid Malik,2022-2022,1,-,-,-,-,0.00,0.00,-,-,-
Abdul Malik,2022-2022,1,1,-,6,6,6.00,150.00,-,-,-
Abdul Rahman,2022-2022,8,4,2,35,31*,17.50,140.00,-,-,1
Abdul Rahman,2022-2022,7,7,2,144,67,28.80,110.76,-,1,1
Abdul Rahman,2022-2022,1,1,1,1,1*,0.00,50.00,-,-,-
Abdul Samad,2022-2022,9,9,3,191,55,31.83,157.85,-,1,2
Abdul Stanikzai,2022-2022,5,5,-,71,24,14.20,80.68,-,-,1
Abdul Shakoor,2022-2022,8,6,1,90,27,18.00,93.75,-,-,-
Abdul Waheed,2022-2022,7,7,1,80,20*,13.33,96.38,-,-,-
Abdul Wasi,2022-2022,6,6,3,83,36*,27.66,76.85,-,-,1
Abeesh TA,2022-2022,2,1,-,1,1,1.00,50.00,-,-,-
JB Abega,2022-2022,10,9,-,33,11,3.66,42.30,-,-,3
TB Abell,2022-2022,19,18,3,445,70,29.66,136.50,-,2,1
SS Abeyawardhana,2022-2022,3,-,-,-,-,0.00,0.00,-,-,-
KD Abeyrathna,2022-2022,6,6,1,98,45,19.60,100.00,-,-,-
ALKL Abeyrathne,2022-2022,5,5,-,76,37,15.20,101.33,-,-,-
L Abeyratne,2022-2022,8,7,1,84,62*,14.00,109.09,-,1,2
AMCD Abeysinghe,2022-2022,3,1,1,-,0*,0.00,0.00,-,-,-
L Abeysinghe,2022-2022,4,3,1,16,10*,8.00,133.33,-,-,-
Abhijeet Ahuja,2022-2022,10,10,-,203,75,20.30,102.52,-,1,2
Abhijeet Saket,2022-2022,6,1,-,2,2,2.00,50.00,-,-,-
P Abhijit,2022-2022,3,2,-,5,5,2.50,55.55,-,-,1
K Abhinay,2022-2022,7,-,-,-,-,0.00,0.00,-,-,-
Abhishek Ahuja,2022-2022,9,9,-,165,61,18.33,91.66,-,1,2
Abhishek Kumar,2022-2022,7,3,2,1,1*,1.00,11.11,-,-,1
Abhishek Sharma,2022-2022,24,24,3,685,75,32.61,130.72,-,4,1
Abidullah Taniwal,2022-2022,7,7,3,65,30*,16.25,151.16,-,-,1
Abid Mohammadi,2022-2022,4,4,-,109,44,27.25,136.25,-,-,-
Abid Mushtaq,2022-2022,7,5,2,42,32,14.00,107.69,-,-,-
M Abin Mathew,2022-2022,3,-,-,-,-,0.00,0.00,-,-,-
Abishek Porel,2022-2022,3,3,1,22,20*,11.00,100.00,-,-,1
GJ Abrahams,2022-2022,1,1,1,15,15*,0.00,93.75,-,-,-
Z Abrahams,2022-2022,10,3,1,-,0*,0.00,0.00,-,-,2
Abrar Ahmed,2022-2022,8,-,-,-,-,0.00,0.00,-,-,-
Abrar Bilal,2022-2022,3,3,-,36,19,12.00,90.00,-,-,-
Abubacarr Kuyateh,2022-2022,6,6,-,19,15,3.16,51.35,-,-,3
Abul Farhad,2022-2022,3,-,-,-,-,0.00,0.00,-,-,-
Abu Hider,2022-2022,5,3,2,26,19,26.00,78.78,-,-,-
N Acawei,2022-2022,6,6,-,76,25,12.66,79.16,-,-,1
F Achelam,2022-2022,11,5,1,7,6,1.75,28.00,-,-,2
MJ Ackerman,2022-2022,5,5,-,52,23,10.40,98.11,-,-,-
CN Ackermann,2022-2022,23,22,3,535,85,28.15,125.88,-,4,2
AD Nath,2022-2022,6,5,1,116,37,29.00,109.43,-,-,-
GR Adair,2022-2022,5,5,-,150,111,30.00,176.47,1,-,-
MR Adair,2022-2022,34,25,4,267,39,12.71,130.88,-,-,3
FD Adams,2022-2022,16,12,2,157,34,15.70,106.80,-,-,-
G Adams,2022-2022,2,1,-,3,3,3.00,75.00,-,-,-
BP Adapaka,2022-2022,13,5,3,5,2,2.50,31.25,-,-,-
Abdul Hashmi,2022-2022,2,1,1,3,3*,0.00,150.00,-,-,-
S Adedeji,2022-2022,4,3,-,21,14,7.00,70.00,-,-,1
KVA Adikari,2022-2022,6,6,-,134,51,22.33,93.70,-,1,-
Adil Amin,2022-2022,16,14,3,201,40*,18.27,106.91,-,-,1
Adil Butt,2022-2022,7,7,-,199,53,28.42,140.14,-,2,1
P Adithya,2022-2022,1,1,1,-,0*,0.00,0.00,-,-,-
Adnan Idrees,2022-2022,7,7,-,55,31,7.85,125.00,-,-,2
N Advani,2022-2022,5,2,-,-,-,0.00,0.00,-,-,2
Afif Hossain,2022-2022,37,36,4,803,77*,25.09,122.22,-,3,1
Afsar Zazai,2022-2022,10,9,2,170,67*,24.28,107.59,-,1,-
Aaftab Alam Khan,2022-2022,13,12,4,161,71*,20.12,129.83,-,1,1
Aftab Alam,2022-2022,7,5,1,41,23*,10.25,170.83,-,-,1
Aftab Hussain,2022-2022,1,1,1,1,1*,0.00,100.00,-,-,-
Aftab Kayani,2022-2022,1,-,-,-,-,0.00,0.00,-,-,-
AC Agar,2022-2022,20,13,3,163,29,16.30,114.78,-,-,2
WA Agar,2022-2022,7,3,-,25,15,8.33,104.16,-,-,-
MA Agarwal,2022-2022,21,20,2,361,52,20.05,135.20,-,1,2
TD Agarwal,2022-2022,7,6,-,107,55,17.83,105.94,-,1,2
SS Agarwal,2022-2022,5,2,1,21,11*,21.00,190.90,-,-,-
Agha Salman,2022-2022,10,8,-,54,33,6.75,78.26,-,-,2
Khalid Zahid,2022-2022,5,4,1,37,18,12.33,127.58,-,-,-
SA Ahmad,2022-2022,8,7,1,179,55,29.83,121.76,-,1,-
Ahmad Khalid Ahmadzai,2022-2022,5,4,-,15,13,3.75,100.00,-,-,1
Ahmadullah Shinwari,2022-2022,9,4,-,13,7,3.25,72.22,-,-,1
Ahmad Ramdoni,2022-2022,7,6,3,36,10,12.00,63.15,-,-,-
Ahmad Zia,2022-2022,5,1,1,2,2*,0.00,40.00,-,-,-
KK Ahmed,2022-2022,13,2,-,-,-,0.00,0.00,-,-,2
Rehan Ahmed,2022-2022,19,14,5,100,33,11.11,111.11,-,-,1
RK Ahmed,2022-2022,5,4,2,58,39,29.00,161.11,-,-,-
Ahmed Daniyal,2022-2022,10,4,2,10,4*,5.00,71.42,-,-,-
Ahmed Faiz,2022-2022,19,17,4,507,86,39.00,133.77,-,4,1
Ahmed Hassan,2022-2022,6,6,1,72,26,14.40,88.88,-,-,1
Ahmed Khan,2022-2022,4,2,1,26,25*,26.00,236.36,-,-,-
Ahmed Raza,2022-2022,10,2,1,6,6*,6.00,100.00,-,-,1
S Ahmed Shah,2022-2022,4,3,1,19,12,9.50,76.00,-,-,1
Ahmed Shehzad,2022-2022,4,4,-,68,26,17.00,111.47,-,-,-
Ahmed Wardak,2022-2022,1,1,1,10,10*,0.00,58.82,-,-,-
Ahmer Bin,2022-2022,14,13,4,256,55*,28.44,129.29,-,1,-
P Aho,2022-2022,7,1,-,6,6,6.00,200.00,-,-,-
Ahsan Ali,2022-2022,8,8,1,250,73,35.71,138.88,-,3,-
Ahsan Khan,2022-2022,8,2,2,10,8*,0.00,125.00,-,-,-
Ahsan Khan,2022-2022,1,1,1,2,2*,0.00,100.00,-,-,-
Ahsan Yousuf,2022-2022,3,2,-,30,23,15.00,125.00,-,-,-
SA Ahuja,2022-2022,6,5,2,59,22,19.66,184.37,-,-,-
Ainool Hafizs,2022-2022,14,5,2,41,18,13.66,100.00,-,-,-
DS Airee,2022-2022,21,19,5,654,110*,46.71,138.55,1,4,-
KS Airee,2022-2022,8,3,-,18,13,6.00,100.00,-,-,-
PS Airee,2022-2022,1,1,-,4,4,4.00,28.57,-,-,-
BW Aitchison,2022-2022,3,2,1,2,2,2.00,200.00,-,-,-
Aizaz Khan,2022-2022,10,8,-,65,20,8.12,84.41,-,-,-
G Ajitesh,2022-2022,6,5,-,44,23,8.80,169.23,-,-,1
F Akankwasa,2022-2022,8,7,2,38,11,7.60,76.00,-,-,1
N Akash,2022-2022,3,-,-,-,-,0.00,0.00,-,-,-
Akash Babu,2022-2022,7,3,-,2,2,0.66,33.33,-,-,2
Akash Deep,2022-2022,11,2,1,1,1*,1.00,33.33,-,-,1
Akash Luitel,2022-2022,6,5,-,11,4,2.20,34.37,-,-,1
Akash Singh,2022-2022,6,5,1,42,17,10.50,84.00,-,-,-
M Akayezu,2022-2022,20,17,2,93,25*,6.20,75.60,-,-,2
Akbar Ali,2022-2022,6,5,2,56,33,18.66,140.00,-,-,1
Akbar Ali,2022-2022,2,2,1,3,2,3.00,42.85,-,-,-
Akbar Musazai,2022-2022,4,4,-,54,23,13.50,98.18,-,-,-
Akhil Anil,2022-2022,16,14,3,161,52*,14.63,129.83,-,1,1
Akif Javed,2022-2022,3,-,-,-,-,0.00,0.00,-,-,-
Akif Raja,2022-2022,1,-,-,-,-,0.00,0.00,-,-,-
IS Akilanka,2022-2022,2,-,-,-,-,0.00,0.00,-,-,-
Akramullah Malikzada,2022-2022,5,2,1,-,0*,0.00,0.00,-,-,1
Akshat Raghuwanshi,2022-2022,7,7,2,63,24,12.60,131.25,-,-,-
S Akshay Jain,2022-2022,2,2,1,2,2*,2.00,66.66,-,-,1
Akshit Rana,2022-2022,1,-,-,-,-,0.00,0.00,-,-,-
Aks Swadhin,2022-2022,4,1,1,1,1*,0.00,100.00,-,-,-
AGDVA Akurugoda,2022-2022,5,5,-,67,43,13.40,77.90,-,-,-
K Akurugoda,2022-2022,2,2,-,7,7,3.50,70.00,-,-,1
RM Alam,2022-2022,7,-,-,-,-,0.00,0.00,-,-,-
Alam Nakash,2022-2022,4,4,-,25,24,6.25,89.28,-,-,2
Alankrit Agarwal,2022-2022,1,1,1,44,44*,0.00,122.22,-,-,-
Alauddin Babu,2022-2022,6,6,3,62,25*,20.66,167.56,-,-,-
TE Albert,2022-2022,9,7,4,83,24*,27.66,123.88,-,-,-
J Albin,2022-2022,13,8,4,42,16*,10.50,75.00,-,-,-
L Alder,2022-2022,5,2,2,22,21*,0.00,200.00,-,-,-
KL Aldridge,2022-2022,1,-,-,-,-,0.00,0.00,-,-,-
J Alegra,2022-2022,5,4,1,48,27*,16.00,66.66,-,-,-
FB Alemao,2022-2022,3,-,-,-,-,0.00,0.00,-,-,-
Alexandros Karvelas,2022-2022,4,4,-,80,35,20.00,96.38,-,-,-
MM Ali,2022-2022,60,54,6,1263,93,26.31,149.29,-,7,6
Ali Asfand,2022-2022,10,5,3,26,11,13.00,68.42,-,-,-
Ali Farasat,2022-2022,11,10,1,115,23,12.77,126.37,-,-,-
Ali Hasan,2022-2022,6,1,1,10,10*,0.00,142.85,-,-,-
Ali Imran,2022-2022,4,3,-,97,56,32.33,140.57,-,1,-
Ali Khan,2022-2022,1,-,-,-,-,0.00,0.00,-,-,-
Ali Majid,2022-2022,11,3,3,5,4*,0.00,83.33,-,-,-
Ali Masood,2022-2022,4,4,1,125,69*,41.66,105.93,-,1,-
Ali Raza,2022-2022,2,1,-,4,4,4.00,133.33,-,-,-
Ali Saleem,2022-2022,9,8,1,130,53*,18.57,110.16,-,1,-
Ali Waqas,2022-2022,4,3,-,50,19,16.66,111.11,-,-,-
Ali Yalmaz,2022-2022,5,5,-,18,8,3.60,56.25,-,-,1
Ali Zaheer,2022-2022,1,-,-,-,-,0.00,0.00,-,-,-
Allah Noor,2022-2022,6,4,1,73,30,24.33,105.79,-,-,-
JD Allan,2022-2022,6,5,-,79,30,15.80,108.21,-,-,-
FA Allen,2022-2022,29,20,2,202,50,11.22,118.12,-,1,4
FH Allen,2022-2022,36,36,-,826,101,22.94,169.60,1,3,1
BMJ Allison,2022-2022,13,4,2,11,6*,5.50,68.75,-,-,1
Alok Kapali,2022-2022,2,2,-,8,6,4.00,47.05,-,-,-
TP Alsop,2022-2022,10,10,1,318,82,35.33,152.88,-,2,-
GG Alta,2022-2022,4,4,-,56,28,14.00,74.66,-,-,-
Amaan Khan,2022-2022,3,1,1,1,1*,0.00,100.00,-,-,-
A Amado,2022-2022,3,3,-,25,16,8.33,67.56,-,-,-
Amad Butt,2022-2022,12,9,4,100,25*,20.00,172.41,-,-,-
RGA Amah,2022-2022,10,9,-,100,20,11.11,81.30,-,-,-
Amandeep Singh,2022-2022,5,4,-,42,20,10.50,123.52,-,-,-
Aman Hakim Khan,2022-2022,9,8,2,113,39*,18.83,173.84,-,-,-
Amanullah Rafiqi,2022-2022,1,1,-,-,-,0.00,0.00,-,-,1
Aman Desai,2022-2022,17,17,-,299,64,17.58,127.23,-,2,2
AMEM Amarasinghe,2022-2022,7,5,1,59,29,14.75,88.05,-,-,-
T Amarasinghe,2022-2022,7,7,-,61,28,8.71,89.70,-,-,1
Amar Sharma,2022-2022,10,5,3,62,34*,31.00,140.90,-,-,1
Ameel Mauroof,2022-2022,5,3,1,19,13,9.50,65.51,-,-,-
HB America,2022-2022,1,1,1,2,2*,0.00,50.00,-,-,-
CJA Amini,2022-2022,12,12,-,223,62,18.58,109.85,-,1,2
AN Aminou,2022-2022,9,8,1,48,22,6.85,114.28,-,-,3
Aminullah Tanha,2022-2022,3,3,-,5,4,1.66,29.41,-,-,1
Amir Hamza,2022-2022,8,3,1,14,13,7.00,93.33,-,-,1
Amir Zaib,2022-2022,5,4,-,74,37,18.50,98.66,-,-,1
Amir Zazai,2022-2022,2,1,-,2,2,2.00,25.00,-,-,-
Amit Yadav,2022-2022,7,2,-,9,9,4.50,100.00,-,-,1
Amjad Mahboob,2022-2022,13,9,5,32,16,8.00,94.11,-,-,-
Amjad Sher,2022-2022,10,9,1,91,22*,11.37,159.64,-,-,-
Ammar Khalid,2022-2022,7,-,-,-,-,0.00,0.00,-,-,-
Ammar Zuhdi Hazalan,2022-2022,3,1,-,-,-,0.00,0.00,-,-,1
Anamul Haque,2022-2022,16,16,-,370,78,23.12,114.19,-,1,-
A Anandakumara,2022-2022,4,3,-,40,28,13.33,86.95,-,-,-
MK Andersson,2022-2022,12,11,3,90,25*,11.25,115.38,-,-,2
A Andrews,2022-2022,4,3,1,34,30*,17.00,85.00,-,-,1
Andre Jarju,2022-2022,6,6,1,18,9*,3.60,34.61,-,-,2
NK Aneesh Kumar,2022-2022,7,5,2,38,25,12.66,111.76,-,-,1
DK Anefie,2022-2022,10,8,-,95,46,11.87,163.79,-,-,4
G Anikethreddy,2022-2022,5,2,1,12,7*,12.00,150.00,-,-,-
Anik Ahmed,2022-2022,4,4,2,53,26*,26.50,91.37,-,-,1
AG Chouhan,2022-2022,3,3,-,32,24,10.66,177.77,-,-,-
G Anjana,2022-2022,7,5,3,6,3,3.00,66.66,-,-,1
Anjar Tadarus,2022-2022,7,7,1,30,12,5.00,76.92,-,-,1
Ankit Dubey,2022-2022,2,1,1,5,5*,0.00,166.66,-,-,-
Ankit Kumar,2022-2022,6,6,-,53,22,8.83,143.24,-,-,2
Ankit Sharma,2022-2022,7,6,1,86,25,17.20,86.00,-,-,-
Anmoldeep Singh,2022-2022,4,1,-,2,2,2.00,28.57,-,-,-
Anmolpreet Singh,2022-2022,12,7,-,236,64,33.71,133.33,-,3,-
Anoop Orsu,2022-2022,8,7,3,58,18*,14.50,105.45,-,-,3
Ansar Iqbal,2022-2022,5,4,1,90,34*,30.00,145.16,-,-,-
MJ Ansell,2022-2022,5,3,1,24,17,12.00,80.00,-,-,-
Anser Mehmood,2022-2022,3,3,-,30,15,10.00,90.90,-,-,-
Anshuman Rath,2022-2022,6,6,1,105,51,21.00,86.77,-,1,1
Anuj Rawat,2022-2022,14,13,-,163,66,12.53,98.78,-,1,3
Ankur Malik,2022-2022,6,6,2,54,17,13.50,67.50,-,-,-
Anunay Singh,2022-2022,2,-,-,-,-,0.00,0.00,-,-,-
Anwar Ali,2022-2022,15,9,1,96,32*,12.00,139.13,-,-,-
Anwar Rahman,2022-2022,4,1,-,-,-,0.00,0.00,-,-,1
B Aparajith,2022-2022,6,5,1,164,67,41.00,114.68,-,2,1
Apurva Anand,2022-2022,1,-,-,-,-,0.00,0.00,-,-,-
Aqib Iqbal,2022-2022,14,9,2,141,42*,20.14,104.44,-,-,1
KSW Arachchige,2022-2022,8,8,2,105,52*,17.50,109.37,-,1,-
SSD Arachchige,2022-2022,7,5,2,117,53,39.00,146.25,-,1,-
SRMJJ Arachchilage,2022-2022,4,3,2,6,6,6.00,50.00,-,-,-
Arafat Khan,2022-2022,1,-,-,-,-,0.00,0.00,-,-,-
Arafat Sunny,2022-2022,5,1,-,-,-,0.00,0.00,-,-,1
V Aravind,2022-2022,16,15,2,455,97*,35.00,126.38,-,3,1
A Aravinddaraj,2022-2022,1,-,-,-,-,0.00,0.00,-,-,-
Khan Arbaaz,2022-2022,2,2,-,17,17,8.50,73.91,-,-,1
Ariful Haque,2022-2022,6,4,-,16,12,4.00,88.88,-,-,2
Arif Khan,2022-2022,1,1,-,12,12,12.00,200.00,-,-,-
Arish Ali,2022-2022,1,1,-,-,-,0.00,0.00,-,-,1
V Aritharan,2022-2022,1,1,-,7,7,7.00,63.63,-,-,-
Aritra Dutta,2022-2022,5,5,-,104,42,20.80,131.64,-,-,-
Arjit Pannu,2022-2022,5,2,-,7,4,3.50,63.63,-,-,-
M Arnold,2022-2022,3,3,1,106,55*,53.00,149.29,-,1,-
B Arora,2022-2022,12,12,-,213,60,17.75,87.29,-,1,-
VG Arora,2022-2022,12,5,3,7,2*,3.50,46.66,-,-,1
L Arosha,2022-2022,3,2,1,25,21*,25.00,147.05,-,-,-
Arsalan Arif,2022-2022,1,-,-,-,-,0.00,0.00,-,-,-
Arshad Iqbal,2022-2022,11,4,2,17,11*,8.50,121.42,-,-,1
Arshad Khan,2022-2022,2,1,1,-,0*,0.00,0.00,-,-,-
Arshdeep Singh,2022-2022,37,11,8,27,10*,9.00,81.81,-,-,2
Arslan Amjad,2022-2022,6,6,-,124,62,20.66,94.65,-,1,1
GD Arta,2022-2022,2,1,-,17,17,17.00,51.51,-,-,-
IKEG Artawan,2022-2022,7,4,2,11,9*,5.50,84.61,-,-,2
KB Arun Karthik,2022-2022,6,6,1,52,17*,10.40,96.29,-,-,1
DSAR Aravinda,2022-2022,1,-,-,-,-,0.00,0.00,-,-,-
U Aryaman Sunil,2022-2022,20,19,5,166,36*,11.85,120.28,-,-,3
Aryan Lakra,2022-2022,5,5,-,44,19,8.80,95.65,-,-,-
Asad Ali Rehemtulla,2022-2022,13,8,3,37,16,7.40,84.09,-,-,3
Asad Mahmood,2022-2022,6,4,-,19,9,4.75,59.37,-,-,-
Asad Shafiq,2022-2022,13,13,-,303,58,23.30,135.26,-,1,1
KIC Asalanka,2022-2022,37,37,4,681,64,20.63,116.60,-,3,4
Asghar Afghan,2022-2022,8,8,1,137,63,19.57,114.16,-,1,1
Asghar Atal,2022-2022,5,5,-,139,55,27.80,152.74,-,2,1
D Ashan,2022-2022,1,1,-,19,19,19.00,76.00,-,-,-
S Ashan,2022-2022,8,7,1,101,53,16.83,116.09,-,1,1
Ashir Qureshi,2022-2022,4,1,-,-,-,0.00,0.00,-,-,1
D Ashen,2022-2022,1,1,-,3,3,3.00,50.00,-,-,-
Ashish Rana,2022-2022,1,-,-,-,-,0.00,0.00,-,-,-
A Ashok,2022-2022,7,4,2,10,5,5.00,76.92,-,-,1
A Ashokan,2022-2022,15,14,4,369,50*,36.90,123.41,-,1,-
Ashutosh Aman,2022-2022,6,3,1,10,6,5.00,111.11,-,-,-
Ashwani Kumar,2022-2022,2,-,-,-,-,0.00,0.00,-,-,-
S Ashwathnarayana,2022-2022,10,9,2,156,52,22.28,118.18,-,1,1
M Ashwin,2022-2022,11,7,3,22,9,5.50,100.00,-,-,1
R Ashwin,2022-2022,31,20,10,252,50,25.20,140.00,-,1,-
Ashwin Das,2022-2022,7,7,2,140,68*,28.00,181.81,-,1,-
K Ashwin Hebbar,2022-2022,4,4,-,100,51,25.00,169.49,-,1,-
Ashwin Vinod,2022-2022,7,4,2,5,3*,2.50,71.42,-,-,1
KM Asif,2022-2022,7,1,1,1,1*,0.00,100.00,-,-,-
Asif Afridi,2022-2022,11,4,2,14,12*,7.00,73.68,-,-,1
Asif Ali,2022-2022,34,31,4,306,41,11.33,136.60,-,-,2
Asif Mehmood,2022-2022,6,2,2,41,28*,0.00,136.66,-,-,-
Asif Musazai,2022-2022,5,4,-,89,43,22.25,120.27,-,-,-
MNM Aslam,2022-2022,11,8,1,116,26,16.57,105.45,-,-,-
Aslam Khan,2022-2022,2,2,1,44,26*,44.00,146.66,-,-,-
Aslam Mohammad,2022-2022,3,3,1,3,2*,1.50,15.78,-,-,1
Assad Borham,2022-2022,7,3,1,11,8*,5.50,57.89,-,-,-
TD Astle,2022-2022,9,3,1,16,13*,8.00,94.11,-,-,-
SK Atai,2022-2022,11,7,2,31,17,6.20,129.16,-,-,2
RD Atangana,2022-2022,6,5,3,3,1*,1.50,25.00,-,-,1
Ateeq Iqbal,2022-2022,1,-,-,-,-,0.00,0.00,-,-,-
NH Atharagalla,2022-2022,5,2,1,4,2*,4.00,80.00,-,-,-
Athar Mahmood,2022-2022,3,1,1,-,0*,0.00,0.00,-,-,-
Atif-Ur-Rehman,2022-2022,6,4,4,12,6*,0.00,85.71,-,-,-
Atif Kamal,2022-2022,7,7,2,33,12,6.60,82.50,-,-,2
Atif Khan,2022-2022,1,1,-,2,2,2.00,33.33,-,-,-
Atif Mehmood,2022-2022,5,2,2,20,10*,0.00,125.00,-,-,-
Atif Rasheed,2022-2022,4,4,1,105,43,35.00,161.53,-,-,-
AAP Atkinson,2022-2022,6,3,1,5,5,2.50,83.33,-,-,1
L Attanayake,2022-2022,2,2,-,12,10,6.00,50.00,-,-,-
AWJ Auguste,2022-2022,4,2,-,15,11,7.50,71.42,-,-,-
Auqib Nabi,2022-2022,3,1,-,5,5,5.00,100.00,-,-,-
DS Auwardt,2022-2022,6,3,1,7,4*,3.50,53.84,-,-,-
MA Avasthi,2022-2022,7,-,-,-,-,0.00,0.00,-,-,-
MTMMJ Ave,2022-2022,8,7,2,302,92*,60.40,127.96,-,3,-
J Avendano,2022-2022,8,8,-,101,52,12.62,114.77,-,1,1
Avesh Khan,2022-2022,30,8,5,32,12,10.66,152.38,-,-,1
Y Avinash Jadhav,2022-2022,3,3,-,31,22,10.33,106.89,-,-,-
Avinash Yadav,2022-2022,7,7,3,56,19*,14.00,81.15,-,-,1
Avi Dixit,2022-2022,6,6,-,34,19,5.66,80.95,-,-,1
Avneesh Sudha,2022-2022,7,7,-,271,96,38.71,126.04,-,1,-
Awais Ahmed,2022-2022,9,9,-,107,42,11.88,103.88,-,-,1
Awais Ikram,2022-2022,2,2,-,4,2,2.00,66.66,-,-,-
KM Awala,2022-2022,2,1,-,-,-,0.00,0.00,-,-,1
SKA Awiah,2022-2022,9,9,1,302,96*,37.75,113.96,-,1,1
D Awishka,2022-2022,3,1,-,-,-,0.00,0.00,-,-,1
G Axtell,2022-2022,2,1,1,-,0*,0.00,0.00,-,-,-
Ayaan Khan,2022-2022,9,8,-,115,22,14.37,107.47,-,-,-
P Ayoleyine,2022-2022,4,1,-,-,-,0.00,0.00,-,-,1
B Ayyappa,2022-2022,3,1,1,1,1*,0.00,50.00,-,-,-
Ayyaz Qureshi,2022-2022,4,4,-,55,30,13.75,75.34,-,-,-
Azam Khalil,2022-2022,9,7,-,98,29,14.00,119.51,-,-,-
Azam Khan,2022-2022,29,26,2,583,85,24.29,127.57,-,5,1
Azeem Nazir,2022-2022,4,2,-,36,36,18.00,85.71,-,-,1
Azhar Andani,2022-2022,3,3,-,22,14,7.33,64.70,-,-,-
Aziz Mohammad,2022-2022,8,8,-,251,72,31.37,138.67,-,2,-
Aziz Sualley,2022-2022,3,3,2,4,4*,4.00,200.00,-,-,1
Azmatullah Omarzai,2022-2022,27,15,5,164,34*,16.40,113.10,-,-,-
Azyan Farhath,2022-2022,6,6,-,64,24,10.66,62.13,-,-,-
R Baaleri,2022-2022,9,6,2,69,24,17.25,67.64,-,-,-
SJ Baard,2022-2022,6,6,1,121,52*,24.20,99.18,-,1,-
OEG Baartman,2022-2022,16,3,2,-,0*,0.00,0.00,-,-,1
Babar Azam,2022-2022,36,36,4,1078,110*,33.68,121.80,1,7,2
Babar Hayat,2022-2022,10,10,2,258,86,32.25,129.00,-,2,2
Babul Kumar,2022-2022,3,3,-,123,72,41.00,153.75,-,1,-
SS Bachhav,2022-2022,7,3,1,25,13,12.50,113.63,-,-,-
MB Bacon,2022-2022,5,-,-,-,-,0.00,0.00,-,-,-
A Badoni,2022-2022,21,18,6,286,54,23.83,133.02,-,1,1
KS Bagabena,2022-2022,10,4,2,36,21*,18.00,124.13,-,-,-
J Baguma,2022-2022,13,6,3,38,11*,12.66,77.55,-,-,-
C Bah,2022-2022,6,4,-,24,12,6.00,109.09,-,-,1
Bahar Shinwari,2022-2022,6,6,-,123,57,20.50,136.66,-,1,-
Bahir Shah,2022-2022,5,5,-,94,36,18.80,106.81,-,-,-
MA Baig,2022-2022,10,7,1,192,74,32.00,128.00,-,1,-
TE Bailey,2022-2022,4,-,-,-,-,0.00,0.00,-,-,-
AK Bains,2022-2022,7,7,1,114,33,19.00,112.87,-,-,1
JM Bairstow,2022-2022,14,14,-,400,90,28.57,143.36,-,3,-
JD Baker,2022-2022,6,5,2,50,40*,16.66,104.16,-,-,1
JO Baker,2022-2022,8,6,2,14,5,3.50,56.00,-,-,1
S Baker,2022-2022,3,1,-,-,-,0.00,0.00,-,-,1
Bakhtiar Tahiri,2022-2022,2,-,-,-,-,0.00,0.00,-,-,-
Bakhtullah,2022-2022,2,1,-,2,2,2.00,100.00,-,-,-
G Bakiweyem,2022-2022,7,2,1,5,4,5.00,62.50,-,-,-
R Bakum,2022-2022,10,10,2,236,71,29.50,159.45,-,2,-
V Balakrishnan,2022-2022,11,10,1,193,100,21.44,120.62,1,-,-
N Balasooriya,2022-2022,7,4,-,58,33,14.50,148.71,-,-,-
A Balbirnie,2022-2022,34,34,1,829,75*,25.12,135.45,-,6,2
J Baleicikoibia,2022-2022,6,6,-,89,31,14.83,91.75,-,-,-
C Balich,2022-2022,2,2,-,-,-,0.00,0.00,-,-,2
S Baliyan,2022-2022,5,1,-,-,-,0.00,0.00,-,-,1
Baljit Singh,2022-2022,2,2,1,54,45,54.00,150.00,-,-,-
JT Ball,2022-2022,16,2,1,2,1*,2.00,20.00,-,-,-
AR Balla,2022-2022,6,6,-,6,3,1.00,22.22,-,-,3
JC Balt,2022-2022,3,3,-,15,9,5.00,36.58,-,-,1
Baltej Singh,2022-2022,10,-,-,-,-,0.00,0.00,-,-,-
Bal Krishna,2022-2022,2,2,1,11,9,11.00,52.38,-,-,-
DB Bana,2022-2022,8,8,-,114,43,14.25,110.67,-,-,-
CT Bancroft,2022-2022,4,4,-,46,30,11.50,83.63,-,-,-
A Bandara,2022-2022,1,1,-,12,12,12.00,120.00,-,-,-
KMC Bandara,2022-2022,5,-,-,-,-,0.00,0.00,-,-,-
KNA Bandara,2022-2022,19,16,5,495,44,45.00,116.74,-,-,-
S Bandara,2022-2022,6,-,-,-,-,0.00,0.00,-,-,-
Shalaka Bandara,2022-2022,2,1,-,12,12,12.00,75.00,-,-,-
S Bandara,2022-2022,1,1,-,-,-,0.00,0.00,-,-,1
WMK Bandara,2022-2022,6,6,1,178,82,35.60,125.35,-,1,-
S Bangera,2022-2022,3,3,-,27,23,9.00,122.72,-,-,1
J Bangura,2022-2022,7,4,1,66,34*,22.00,73.33,-,-,2
J Banton,2022-2022,1,1,-,-,-,0.00,0.00,-,-,1
T Banton,2022-2022,28,28,-,598,73,21.35,128.60,-,3,2
F Banunaek,2022-2022,5,2,-,4,4,2.00,28.57,-,-,1
I Bardis,2022-2022,2,2,1,2,2*,2.00,33.33,-,-,1
S Barik,2022-2022,5,4,-,18,9,4.50,64.28,-,-,-
J Barker,2022-2022,9,8,4,138,44,34.50,107.81,-,-,1
TC Barker,2022-2022,11,11,-,154,36,14.00,106.20,-,-,3
EG Barnard,2022-2022,14,12,-,182,42,15.16,119.73,-,-,-
GA Bartlett,2022-2022,2,2,1,84,82*,84.00,200.00,-,1,-
XC Bartlett,2022-2022,4,3,2,54,28*,54.00,122.72,-,-,-
Bashar Khan,2022-2022,5,-,-,-,-,0.00,0.00,-,-,-
NP Basil,2022-2022,1,-,-,-,-,0.00,0.00,-,-,-
Basil George,2022-2022,13,13,1,383,93*,31.91,139.78,-,3,-
Basil Hameed,2022-2022,16,16,2,174,42,12.42,112.25,-,-,-
Basil Thampi,2022-2022,12,1,-,6,6,6.00,200.00,-,-,-
Basir Ahamad,2022-2022,5,2,1,10,10,10.00,62.50,-,-,-
T Baskaran,2022-2022,4,2,-,1,1,0.50,12.50,-,-,1
V Baskaran,2022-2022,20,12,3,36,14*,4.00,54.54,-,-,2
KBAK Basnayake,2022-2022,4,4,-,22,10,5.50,66.66,-,-,-
RR Bastiansz,2022-2022,2,2,-,10,6,5.00,83.33,-,-,-
JW Batinibulu,2022-2022,5,4,1,19,11,6.33,63.33,-,-,-
Batin Shah,2022-2022,1,-,-,-,-,0.00,0.00,-,-,-
C Battage,2022-2022,6,2,1,-,0*,0.00,0.00,-,-,1
S Bau,2022-2022,12,11,1,250,59,25.00,119.61,-,1,1
T Bavuma,2022-2022,12,12,2,134,36,13.40,95.71,-,-,2
RA Bawa,2022-2022,6,5,2,89,40*,29.66,121.91,-,-,1
Abdullah Bayoumy,2022-2022,11,10,3,58,12*,8.28,107.40,-,-,1
C Bayraktar,2022-2022,3,3,-,26,12,8.66,76.47,-,-,-
KA Bazil,2022-2022,5,2,1,9,7,9.00,112.50,-,-,-
JJ Bazley,2022-2022,8,8,2,123,44*,20.50,129.47,-,-,1
Baz Aybui,2022-2022,6,2,1,3,2*,3.00,18.75,-,-,-
AP Beard,2022-2022,5,2,2,5,4*,0.00,125.00,-,-,-
EF Beard,2022-2022,5,3,1,81,35,40.50,144.64,-,-,-
DG Bedingham,2022-2022,8,8,-,110,31,13.75,115.78,-,-,-
WAT Beer,2022-2022,5,4,2,14,9*,7.00,116.66,-,-,1
GK Beghin,2022-2022,2,2,-,23,23,11.50,95.83,-,-,1
F Behardien,2022-2022,13,12,7,254,63*,50.80,112.38,-,1,-
J Behera,2022-2022,2,-,-,-,-,0.00,0.00,-,-,-
JP Behrendorff,2022-2022,22,7,4,46,22*,15.33,117.94,-,-,1
M Beitaki,2022-2022,6,6,1,64,21,12.80,148.83,-,-,-
GJ Bell,2022-2022,1,1,-,31,31,31.00,114.81,-,-,-
DJ Bell-Drummond,2022-2022,12,12,-,154,46,12.83,123.20,-,-,3
CG Benjamin,2022-2022,23,20,4,420,68*,26.25,146.34,-,2,1
HK Bennett,2022-2022,5,1,1,4,4*,0.00,133.33,-,-,-
GK Berg,2022-2022,4,2,1,76,39*,76.00,200.00,-,-,-
RD Berrington,2022-2022,5,5,-,90,37,18.00,125.00,-,-,-
L Berthe,2022-2022,4,3,1,1,1,0.50,16.66,-,-,1
NL Bertus,2022-2022,2,2,-,19,15,9.50,86.36,-,-,-
DM Bess,2022-2022,15,4,2,7,4*,3.50,58.33,-,-,1
JG Bethell,2022-2022,10,10,-,91,21,9.10,104.59,-,-,1
TR Bevan,2022-2022,2,2,-,25,21,12.50,100.00,-,-,-
AB Bhadoriya,2022-2022,5,1,-,1,1,1.00,25.00,-,-,-
K Bhagath Varma,2022-2022,5,2,2,1,1*,0.00,100.00,-,-,-
S Bhambri,2022-2022,4,4,-,47,22,11.75,85.45,-,-,-
MS Bhandage,2022-2022,8,4,1,73,41,24.33,173.80,-,-,-
M Bhanuka,2022-2022,12,11,-,172,58,15.63,106.17,-,2,1
AR Bhardwaj,2022-2022,3,3,-,41,30,13.66,82.00,-,-,-
TS Bharaj,2022-2022,8,8,1,218,63,31.14,135.40,-,3,-
KS Bharat,2022-2022,6,6,-,66,25,11.00,115.78,-,-,1
SVE Bharathi,2022-2022,10,2,-,1,1,0.50,20.00,-,-,1
A Bhargava,2022-2022,2,2,1,7,5,7.00,116.66,-,-,-
Bhavesh Seth,2022-2022,3,2,-,46,27,23.00,121.05,-,-,-
Meet Bhavsar,2022-2022,8,8,-,219,71,27.37,136.02,-,2,1
SR Bhudia,2022-2022,11,6,-,86,38,14.33,134.37,-,-,1
RK Bhui,2022-2022,4,4,-,126,37,31.50,138.46,-,-,-
JJNP Bhula,2022-2022,1,-,-,-,-,0.00,0.00,-,-,-
K Bhurtel,2022-2022,14,13,3,375,104*,37.50,124.17,1,1,-
PR Bhut,2022-2022,1,-,-,-,-,0.00,0.00,-,-,-
M Bhutia,2022-2022,6,6,3,4,2*,1.33,26.66,-,-,2
LT Bichard,2022-2022,10,1,1,2,2*,0.00,66.66,-,-,-
MP Biddappa,2022-2022,3,3,-,28,26,9.33,51.85,-,-,1
BS Bihari,2022-2022,1,1,-,-,-,0.00,0.00,-,-,1
Bikash Singh,2022-2022,3,3,-,29,15,9.66,72.50,-,-,-
S Biko,2022-2022,2,-,-,-,-,0.00,0.00,-,-,-
Bilal Hassun,2022-2022,10,7,5,47,20*,23.50,134.28,-,-,1
Bilal Khan,2022-2022,19,5,2,5,4*,1.66,50.00,-,-,3
Bilal Muhammad,2022-2022,13,9,-,57,19,6.33,93.44,-,-,2
Bilal Sami,2022-2022,4,1,1,1,1*,0.00,100.00,-,-,-
Bilal Tahir,2022-2022,5,5,1,62,25,15.50,158.97,-,-,1
SW Billings,2022-2022,38,38,6,709,79,22.15,125.26,-,2,2
Z Bimenyimana,2022-2022,18,13,2,61,15*,5.54,108.92,-,-,4
JA Bird,2022-2022,7,7,-,182,53,26.00,111.65,-,1,1
JM Bird,2022-2022,10,3,2,16,13*,16.00,133.33,-,-,-
K Birkenstock,2022-2022,2,2,2,27,16*,0.00,103.84,-,-,-
D Birrell,2022-2022,2,-,-,-,-,0.00,0.00,-,-,-
C Bishnoi,2022-2022,8,8,1,217,78*,31.00,104.32,-,2,-
RB Bishnoi,2022-2022,7,4,2,11,5*,5.50,47.82,-,-,1
J Bishop,2022-2022,7,3,2,10,10*,10.00,250.00,-,-,1
H Bisht,2022-2022,2,1,-,-,-,0.00,0.00,-,-,1
P Bisht,2022-2022,7,7,1,161,51*,26.83,134.16,-,1,-
Bismillah Khan,2022-2022,1,1,-,15,15,15.00,136.36,-,-,-
CD Bist,2022-2022,6,5,2,145,43,48.33,108.20,-,-,-
RR Biswa,2022-2022,7,7,-,75,23,10.71,90.36,-,-,1
WK Bitis,2022-2022,3,2,-,1,1,0.50,14.28,-,-,1
J Blackwood,2022-2022,1,1,-,8,8,8.00,80.00,-,-,-
AJ Blake,2022-2022,11,11,1,252,50*,25.20,145.66,-,1,1
DG Blampied,2022-2022,8,5,2,35,22*,11.66,89.74,-,-,1
DA Blignaut,2022-2022,12,9,-,142,43,15.77,96.59,-,-,1
TA Blundell,2022-2022,3,3,1,43,41*,21.50,134.37,-,-,1
M Boast,2022-2022,6,6,1,142,53,28.40,179.74,-,1,-
S Bodha,2022-2022,8,4,2,29,11*,14.50,126.08,-,-,-
C Bogdanos,2022-2022,4,4,1,31,20,10.33,67.39,-,-,-
S Bogdos,2022-2022,4,4,-,24,19,6.00,40.67,-,-,-
JJ Bohannon,2022-2022,3,3,-,15,7,5.00,60.00,-,-,-
A Bohara,2022-2022,15,3,3,4,3*,0.00,80.00,-,-,-
ML Bojang,2022-2022,6,6,-,33,11,5.50,97.05,-,-,1
T Bokako,2022-2022,8,1,1,3,3*,0.00,150.00,-,-,-
SM Boland,2022-2022,1,1,1,5,5*,0.00,100.00,-,-,-
RS Bopara,2022-2022,36,35,7,747,54*,26.67,132.68,-,2,1
SG Borthwick,2022-2022,10,6,2,79,26,19.75,108.21,-,-,-
C Bosch,2022-2022,14,13,2,230,81,20.90,112.74,-,2,2
CG Bosch,2022-2022,2,2,-,10,10,5.00,100.00,-,-,1
E Bosch,2022-2022,13,5,-,45,14,9.00,76.27,-,-,-
W Boshoff,2022-2022,8,6,-,81,40,13.50,84.37,-,-,-
P Botha,2022-2022,2,2,-,6,5,3.00,54.54,-,-,-
P Botheju,2022-2022,3,1,-,12,12,12.00,150.00,-,-,-
TA Boult,2022-2022,35,12,10,69,23*,34.50,125.45,-,-,-
CJ Bowes,2022-2022,9,9,1,308,58,38.50,150.24,-,4,-
CJ Boyce,2022-2022,4,3,1,8,8*,4.00,72.72,-,-,2
MWT Boyle,2022-2022,3,3,-,42,30,14.00,120.00,-,-,1
DAJ Bracewell,2022-2022,6,6,2,79,39,19.75,168.08,-,-,-
MG Bracewell,2022-2022,19,14,8,462,141*,77.00,165.00,1,4,2
JR Bracey,2022-2022,13,11,-,298,70,27.09,125.73,-,2,-
N Brand,2022-2022,7,6,-,76,20,12.66,107.04,-,-,-
M Brasier,2022-2022,1,1,1,1,1*,0.00,33.33,-,-,-
CR Brathwaite,2022-2022,23,19,7,180,28*,15.00,136.36,-,-,2
DJ Bravo,2022-2022,44,32,11,267,34*,12.71,112.65,-,-,4
DM Bravo,2022-2022,13,10,1,158,39,17.55,103.26,-,-,-
MP Breetzke,2022-2022,13,13,2,263,61*,23.90,122.89,-,1,-
C Brennan,2022-2022,3,2,1,18,17,18.00,138.46,-,-,-
D Brevis,2022-2022,32,30,2,758,162,27.07,149.50,1,1,2
CJ Briggs,2022-2022,2,2,-,19,16,9.50,79.16,-,-,-
DR Briggs,2022-2022,19,6,4,46,29*,23.00,158.62,-,-,1
J Broad,2022-2022,9,9,2,288,62,41.14,119.50,-,3,-
HC Brook,2022-2022,51,45,9,1181,102*,32.80,152.19,1,5,2
HJH Brookes,2022-2022,13,8,4,31,21,7.75,129.16,-,-,2
JA Brooks,2022-2022,6,1,-,1,1,1.00,33.33,-,-,-
SSJ Brooks,2022-2022,18,16,2,395,109*,28.21,123.82,1,1,4
NT Broom,2022-2022,3,3,-,91,34,30.33,126.38,-,-,-
J Brown,2022-2022,1,1,-,7,7,7.00,70.00,-,-,-
PR Brown,2022-2022,16,8,6,32,9*,16.00,86.48,-,-,-
L Bruce,2022-2022,10,10,1,209,99*,23.22,108.29,-,2,2
TC Bruce,2022-2022,6,6,-,125,56,20.83,160.25,-,1,-
M Bryant,2022-2022,8,8,-,203,81,25.37,120.11,-,2,1
NL Buck,2022-2022,3,2,-,37,19,18.50,148.00,-,-,-
M Budaza,2022-2022,10,3,2,-,0*,0.00,0.00,-,-,1
RR Buddhi,2022-2022,7,7,1,166,72*,27.66,117.73,-,1,1
MLR Buddika,2022-2022,1,1,-,22,22,22.00,100.00,-,-,-
IW Budiarta,2022-2022,3,2,1,4,4*,4.00,100.00,-,-,1
SG Budinger,2022-2022,5,5,1,44,24,11.00,157.14,-,-,1
J Bulele,2022-2022,16,16,2,436,62*,31.14,95.61,-,3,-
JJ Bumrah,2022-2022,19,7,5,-,0*,0.00,0.00,-,-,2
T Buri,2022-2022,1,1,-,2,2,2.00,33.33,-,-,-
N Burger,2022-2022,4,3,1,8,4*,4.00,50.00,-,-,1
RP Burl,2022-2022,28,26,9,426,57*,25.05,121.71,-,2,1
JA Burns,2022-2022,6,5,1,89,25,22.25,96.73,-,-,-
LA Burns,2022-2022,13,9,1,102,47,12.75,114.60,-,-,1
RJ Burns,2022-2022,5,5,1,101,37,25.25,112.22,-,-,-
G Burrows,2022-2022,5,5,2,210,69*,70.00,133.75,-,3,-
JA Burrows,2022-2022,5,3,-,2,1,0.66,50.00,-,-,1
K Burrows,2022-2022,1,1,-,4,4,4.00,50.00,-,-,-
M Burton,2022-2022,3,3,-,41,22,13.66,91.11,-,-,-
WAE Burton,2022-2022,11,11,1,203,83,20.30,175.00,-,1,4
JJ Bushnell,2022-2022,2,2,2,33,25*,0.00,122.22,-,-,-
J Butler,2022-2022,12,11,-,192,32,17.45,93.65,-,-,1
J Butler,2022-2022,5,1,1,2,2*,0.00,66.66,-,-,-
WEL Buttleman,2022-2022,5,5,-,64,37,12.80,94.11,-,-,-
JC Buttler,2022-2022,38,38,4,1570,116,46.17,152.13,4,10,2
EJ Byrom,2022-2022,10,7,-,67,37,9.57,113.55,-,-,3
P Cabebula,2022-2022,6,6,1,6,5*,1.20,42.85,-,-,4
MAAHA Cader,2022-2022,2,1,-,-,-,0.00,0.00,-,-,1
JM De Caires,2022-2022,1,1,-,24,24,24.00,85.71,-,-,-
HRC Came,2022-2022,6,5,-,71,23,14.20,154.34,-,-,-
P Campbell,2022-2022,5,5,2,15,10,5.00,46.87,-,-,2
J Campbell,2022-2022,8,7,2,59,29*,11.80,95.16,-,-,-
F Campbell,2022-2022,5,5,-,36,18,7.20,64.28,-,-,1
C Campher,2022-2022,29,25,4,427,72*,20.33,141.39,-,1,3
M Campopiano,2022-2022,9,8,3,313,87*,62.60,121.78,-,3,1
L Canessane,2022-2022,5,5,1,24,15,6.00,72.72,-,-,-
B Capell,2022-2022,1,1,-,41,41,41.00,186.36,-,-,-
FE Carava,2022-2022,10,3,-,24,12,8.00,45.28,-,-,-
JM Carder,2022-2022,1,1,-,10,10,10.00,76.92,-,-,-
AT Carey,2022-2022,3,3,-,91,67,30.33,149.18,-,1,-
Y Cariah,2022-2022,2,2,2,3,2*,0.00,75.00,-,-,-
KS Carlson,2022-2022,12,10,1,146,28,16.22,114.06,-,-,-
HL Carlyon,2022-2022,8,8,-,165,56,20.62,98.80,-,1,1
C Carmichael,2022-2022,4,3,1,36,26,18.00,116.12,-,-,-
JC Carmichael,2022-2022,5,3,3,13,9*,0.00,61.90,-,-,-
BA Carse,2022-2022,11,11,-,124,25,11.27,124.00,-,-,1
JF Carter,2022-2022,5,5,1,86,32,21.50,106.17,-,-,1
LJ Carter,2022-2022,8,8,4,245,88*,61.25,133.15,-,1,-
M Carter,2022-2022,14,7,3,35,14,8.75,94.59,-,-,1
OJ Carter,2022-2022,2,2,-,2,2,1.00,33.33,-,-,1
HWR Cartwright,2022-2022,22,20,3,398,49,23.41,125.94,-,-,-
J Carty,2022-2022,4,3,1,3,2,1.50,42.85,-,-,-
KU Carty,2022-2022,2,2,-,6,5,3.00,46.15,-,-,-
K Cawte,2022-2022,5,1,1,-,0*,0.00,0.00,-,-,-
YS Chahal,2022-2022,39,3,2,7,5,7.00,77.77,-,-,-
DL Chahar,2022-2022,7,1,-,31,31,31.00,182.35,-,-,-
RD Chahar,2022-2022,20,12,4,96,25*,12.00,114.28,-,-,2
RW Chakabva,2022-2022,25,25,1,284,31,11.83,111.37,-,-,6
S Chakraborty,2022-2022,1,-,-,-,-,0.00,0.00,-,-,-
CPPM Sadun,2022-2022,5,5,1,110,52*,27.50,105.76,-,1,-
ARA Chambers,2022-2022,1,1,-,3,3,3.00,37.50,-,-,-
PVD Chameera,2022-2022,25,17,8,92,24*,10.22,121.05,-,-,3
S Chamodh,2022-2022,7,6,2,105,52*,26.25,105.00,-,1,1
UBT Chand,2022-2022,2,2,-,35,29,17.50,116.66,-,-,-
K Chandela,2022-2022,7,7,2,152,59*,30.40,143.39,-,1,-
P Chandila,2022-2022,2,2,-,25,24,12.50,67.56,-,-,-
LD Chandimal,2022-2022,25,23,4,532,63,28.00,118.22,-,2,1
G Chandrabose,2022-2022,10,3,3,1,1*,0.00,50.00,-,-,-
RK Chandraguptha,2022-2022,6,3,-,31,21,10.33,77.50,-,-,-
S Chandrakar,2022-2022,1,1,-,10,10,10.00,71.42,-,-,-
S Chandramohan,2022-2022,18,18,-,320,100,17.77,117.21,1,-,1
Y Chanuka,2022-2022,4,4,1,64,26*,21.33,128.00,-,-,-
TD Chaoana,2022-2022,7,4,-,3,2,0.75,21.42,-,-,2
MS Chapman,2022-2022,14,11,-,190,83,17.27,137.68,-,1,2
ZJ Chappell,2022-2022,6,2,2,11,10*,0.00,137.50,-,-,-
AB Charak,2022-2022,6,3,-,4,4,1.33,28.57,-,-,2
MSR Charan,2022-2022,2,2,-,2,2,1.00,22.22,-,-,1
J Charles,2022-2022,15,13,1,446,87*,37.16,129.27,-,4,-
LA Charlesworth,2022-2022,1,1,-,1,1,1.00,50.00,-,-,-
P Charuka,2022-2022,4,3,3,13,11*,0.00,144.44,-,-,-
PKD Chase,2022-2022,3,1,1,3,3*,0.00,75.00,-,-,-
RL Chase,2022-2022,14,12,1,116,19,10.54,100.00,-,-,-
TL Chatara,2022-2022,30,13,7,66,19,11.00,85.71,-,-,1
IAS Chathuranga,2022-2022,5,4,1,80,32,26.66,96.38,-,-,-
C Chatphaisan,2022-2022,6,6,-,39,15,6.50,95.12,-,-,2
SD Chatterjee,2022-2022,7,7,1,131,49*,21.83,107.37,-,-,1
WB Chatterjee,2022-2022,6,4,2,14,8,7.00,50.00,-,-,-
J Chaturanga,2022-2022,4,4,-,42,20,10.50,100.00,-,-,1
G Chaturvedi,2022-2022,8,8,-,71,33,8.87,97.26,-,-,1
S Chaudhary,2022-2022,7,7,1,306,84*,51.00,123.88,-,3,-
S Chaudhary,2022-2022,2,-,-,-,-,0.00,0.00,-,-,-
Y Chaudhary,2022-2022,3,-,-,-,-,0.00,0.00,-,-,-
SD Chauhan,2022-2022,5,5,1,116,84*,29.00,158.90,-,1,1
PR Chauhan,2022-2022,2,2,-,28,25,14.00,127.27,-,-,-
PP Chawla,2022-2022,5,3,2,15,10*,15.00,136.36,-,-,1
MPS Cheema,2022-2022,9,7,2,80,33,16.00,111.11,-,-,-
N Chejay,2022-2022,5,5,1,21,13,5.25,48.83,-,-,2
P Chesa,2022-2022,2,1,-,-,-,0.00,0.00,-,-,1
Chetan Anand,2022-2022,5,5,3,12,7,6.00,48.00,-,-,1
C Chete,2022-2022,10,2,1,3,3*,3.00,60.00,-,-,1
LR Chethan,2022-2022,4,4,1,94,61*,31.33,109.30,-,1,2
A Chibanda,2022-2022,3,3,2,56,34,56.00,130.23,-,-,-
CJ Chibhabha,2022-2022,5,5,-,103,45,20.60,100.00,-,-,-
A Chigoma,2022-2022,4,3,-,40,32,13.33,111.11,-,-,-
VB Chikkannaiah,2022-2022,3,3,-,69,50,23.00,100.00,-,1,-
SD Chimhamhiwa,2022-2022,3,2,-,38,22,19.00,131.03,-,-,-
P Chin,2022-2022,4,-,-,-,-,0.00,0.00,-,-,-
BM Chingakham,2022-2022,7,7,1,48,16*,8.00,88.88,-,-,1
S Chinthaka,2022-2022,6,5,-,98,42,19.60,119.51,-,-,-
BT Chipungu,2022-2022,2,1,1,1,1*,0.00,50.00,-,-,-
AR Chiradza,2022-2022,1,1,-,2,2,2.00,40.00,-,-,-
Chirag Suri,2022-2022,15,15,1,383,88,27.35,119.68,-,3,2
TS Chisoro,2022-2022,4,3,2,12,7*,12.00,100.00,-,-,-
C Chitumba,2022-2022,5,2,1,12,6*,12.00,80.00,-,-,-
TL Chivanga,2022-2022,13,5,4,14,7*,14.00,127.27,-,-,1
M Choamba,2022-2022,10,2,1,6,4,6.00,31.57,-,-,-
G Chohan,2022-2022,5,3,1,25,17,12.50,86.20,-,-,-
HA Chohan,2022-2022,14,7,3,29,8*,7.25,161.11,-,-,1
P Chopra,2022-2022,7,7,1,179,61*,29.83,111.87,-,1,-
F Choudary,2022-2022,2,1,1,-,0*,0.00,0.00,-,-,-
A Choudhary,2022-2022,7,1,1,-,0*,0.00,0.00,-,-,-
AA Choudhury,2022-2022,3,-,-,-,-,0.00,0.00,-,-,-
MC Christensen,2022-2022,1,1,-,7,7,7.00,116.66,-,-,-
DT Christian,2022-2022,29,25,5,437,73,21.85,122.40,-,2,2
MW Chu,2022-2022,3,2,-,15,9,7.50,83.33,-,-,-
Y Chudasama,2022-2022,5,-,-,-,-,0.00,0.00,-,-,-
AT Chuvale,2022-2022,1,1,1,3,3*,0.00,37.50,-,-,-
G Clark,2022-2022,13,12,-,280,65,23.33,135.26,-,2,1
J Clark,2022-2022,6,3,1,35,17,17.50,102.94,-,-,-
JM Clarke,2022-2022,43,43,2,1081,101*,26.36,134.95,1,7,5
KD Clarke,2022-2022,6,6,-,179,71,29.83,150.42,-,1,-
KDC Clarke,2022-2022,3,1,1,8,8*,0.00,266.66,-,-,-
RA Clarke,2022-2022,1,-,-,-,-,0.00,0.00,-,-,-
JA Clarkson,2022-2022,6,6,2,259,76*,64.75,202.34,-,3,-
C Classen,2022-2022,4,-,-,-,-,0.00,0.00,-,-,-
J Clayton,2022-2022,2,2,-,21,15,10.50,91.30,-,-,-
D Cleaver,2022-2022,12,10,1,260,78*,28.88,129.35,-,1,-
SL Clephane,2022-2022,2,2,1,1,1,1.00,16.66,-,-,-
A Cloete,2022-2022,1,-,-,-,-,0.00,0.00,-,-,-
GL Cloete,2022-2022,10,10,1,274,68*,30.44,122.86,-,3,1
JJ Cobb,2022-2022,23,19,1,367,70,20.38,142.24,-,4,2
BP Coburn,2022-2022,3,-,-,-,-,0.00,0.00,-,-,-
IA Cockbain,2022-2022,23,22,3,474,71*,24.94,126.40,-,3,1
G Coetzee,2022-2022,16,10,1,99,37,11.00,180.00,-,-,1
JH Coetzer,2022-2022,4,4,3,19,15*,19.00,79.16,-,-,-
M Cohen,2022-2022,3,3,1,60,28,30.00,100.00,-,-,-
R Coker,2022-2022,7,6,1,33,12,6.60,52.38,-,-,1
NG Collins,2022-2022,10,10,-,280,79,28.00,100.35,-,1,-
S Colombage,2022-2022,5,3,-,2,1,0.66,66.66,-,-,1
M Commins,2022-2022,8,8,-,214,102,26.75,138.96,1,-,2
S Conners,2022-2022,12,4,1,5,2,1.66,62.50,-,-,1
A Conteh,2022-2022,7,7,-,44,9,6.28,57.89,-,-,1
S Conteh,2022-2022,6,3,-,9,9,3.00,81.81,-,-,2
DP Conway,2022-2022,25,25,5,901,92*,45.05,129.26,-,8,2
HNA Conway,2022-2022,9,1,-,1,1,1.00,100.00,-,-,-
MY Cook,2022-2022,3,3,-,54,50,18.00,145.94,-,1,1
SJ Cook,2022-2022,20,3,2,11,7*,11.00,110.00,-,-,-
CB Cooke,2022-2022,10,9,2,152,46,21.71,131.03,-,-,-
JM Cooke,2022-2022,2,1,1,10,10*,0.00,166.66,-,-,-
S Coomaraswamy,2022-2022,1,1,-,18,18,18.00,128.57,-,-,-
HR Cooper,2022-2022,8,5,1,58,21,14.50,111.53,-,-,-
TLW Cooper,2022-2022,17,17,1,260,81*,16.25,120.93,-,1,1
MMMS Cooray,2022-2022,11,11,1,257,83,25.70,121.22,-,1,1
NHG Cooray,2022-2022,5,5,2,61,30*,20.33,73.49,-,-,-
WJ Cope,2022-2022,11,9,2,94,37,13.42,106.81,-,-,3
M Copeland,2022-2022,16,12,1,146,40,13.27,104.28,-,-,3
RRS Cornwall,2022-2022,9,9,-,242,91,26.88,142.35,-,1,-
FA Cossa,2022-2022,16,11,5,240,68,40.00,135.59,-,1,2
LK Coster,2022-2022,6,3,-,5,3,1.66,55.55,-,-,1
K Cotani,2022-2022,5,5,1,31,16,7.75,65.95,-,-,1
SJ Cotter,2022-2022,6,6,-,100,45,16.66,114.94,-,-,1
SS Cottrell,2022-2022,14,3,1,3,2,1.50,30.00,-,-,-
BL Couch,2022-2022,8,3,1,4,4*,2.00,44.44,-,-,2
J Clough,2022-2022,1,1,-,9,9,9.00,69.23,-,-,-
P Coughlin,2022-2022,14,11,-,182,42,16.54,126.38,-,-,2
NM Coulter-Nile,2022-2022,7,4,2,24,15,12.00,114.28,-,-,-
JM Cox,2022-2022,30,27,1,761,94,29.26,139.88,-,4,1
OB Cox,2022-2022,8,8,-,104,27,13.00,109.47,-,-,-
JB Cracknell,2022-2022,14,14,1,314,68,24.15,122.65,-,1,1
MS Crane,2022-2022,23,4,2,24,11,12.00,92.30,-,-,1
Z Crawley,2022-2022,9,9,-,188,41,20.88,118.23,-,-,-
MJJ Critchley,2022-2022,15,15,4,366,60,33.27,143.52,-,2,-
HT Crocombe,2022-2022,8,4,4,6,2*,0.00,120.00,-,-,-
SJ Croft,2022-2022,17,17,3,548,76*,39.14,135.30,-,4,1
XA Crone,2022-2022,2,1,-,1,1,1.00,25.00,-,-,-
L Croospulle,2022-2022,11,11,-,202,54,18.36,118.82,-,1,1
MH Cross,2022-2022,5,5,-,47,28,9.40,104.44,-,-,-
S Crowie,2022-2022,7,5,1,54,28,13.50,69.23,-,-,-
BC Cullen,2022-2022,3,-,-,-,-,0.00,0.00,-,-,-
PJ Cummins,2022-2022,18,14,6,119,56*,14.87,163.01,-,1,3
EJ Cunningham,2022-2022,2,2,-,2,2,1.00,50.00,-,-,1
R Cunningham,2022-2022,3,2,2,7,7*,0.00,77.77,-,-,-
BJ Curran,2022-2022,14,12,-,253,71,21.08,126.50,-,2,1
SM Curran,2022-2022,36,27,4,495,69,21.52,133.78,-,3,1
TK Curran,2022-2022,10,8,3,150,36,30.00,185.18,-,-,1
SW Currie,2022-2022,3,-,-,-,-,0.00,0.00,-,-,-
BCJ Cutting,2022-2022,17,15,3,274,52*,22.83,147.31,-,1,2
KC D'Souza,2022-2022,17,16,4,405,92*,33.75,165.98,-,2,1
PAD Dabare,2022-2022,2,2,-,15,15,7.50,136.36,-,-,1
PTM Dabare,2022-2022,16,16,-,363,70,22.68,131.52,-,3,1
S Dadswell,2022-2022,10,10,1,187,42,20.77,135.50,-,-,1
MJ Dagar,2022-2022,7,2,2,21,21*,0.00,175.00,-,-,-
PA Dahiya,2022-2022,3,3,-,28,16,9.33,75.67,-,-,-
HGS Dakshina,2022-2022,3,2,-,-,-,0.00,0.00,-,-,2
CJ Dala,2022-2022,20,6,5,54,27*,54.00,96.42,-,-,-
H Dalal,2022-2022,6,6,-,105,47,17.50,131.25,-,-,1
AS Dale,2022-2022,1,1,-,-,-,0.00,0.00,-,-,1
RSC Dalpethado,2022-2022,2,2,-,3,3,1.50,16.66,-,-,1
IDA Damarell,2022-2022,12,12,2,257,51,25.70,104.04,-,1,-
F Damiao Couana,2022-2022,16,15,2,382,67,29.38,121.65,-,3,1
A Dananjaya,2022-2022,19,8,1,29,10,4.14,70.73,-,-,1
A Daniel,2022-2022,7,3,-,18,15,6.00,54.54,-,-,1
S Daniel,2022-2022,16,14,1,363,80,27.92,128.26,-,3,2
Danish Aziz,2022-2022,12,11,3,116,30*,14.50,102.65,-,-,1
Danish Jasnaik,2022-2022,9,5,1,19,11,4.75,73.07,-,-,-
JC Darji,2022-2022,1,1,-,9,9,9.00,81.81,-,-,-
R Drake,2022-2022,1,1,1,1,1*,0.00,100.00,-,-,-
IK Darmawan,2022-2022,2,2,-,25,16,12.50,75.75,-,-,-
Darwish Rasooli,2022-2022,7,7,3,141,51,35.25,134.28,-,1,-
BB Das,2022-2022,7,7,1,276,73,46.00,118.96,-,3,-
DP Das,2022-2022,5,5,-,59,15,11.80,90.76,-,-,-
RJ Das,2022-2022,2,2,-,38,23,19.00,140.74,-,-,-
RK Das,2022-2022,7,6,3,110,35,36.66,126.43,-,-,-
PM Datey,2022-2022,4,2,1,16,15,16.00,160.00,-,-,-
JH Davey,2022-2022,14,5,5,46,12*,0.00,200.00,-,-,-
TH David,2022-2022,73,68,15,1461,71,27.56,170.67,-,5,2
N Davidovic,2022-2022,3,3,-,20,16,6.66,181.81,-,-,1
AL Davies,2022-2022,23,22,2,389,51*,19.45,125.88,-,1,1
JLB Davies,2022-2022,10,10,1,202,47,22.44,104.12,-,-,1
O Davies,2022-2022,13,11,1,210,65,21.00,150.00,-,1,-
WS Davis,2022-2022,5,3,2,7,5*,7.00,63.63,-,-,1
S Davizi,2022-2022,15,15,3,612,115*,51.00,146.41,2,2,-
R Davson,2022-2022,3,2,1,3,2*,3.00,75.00,-,-,-
Dawlat Zadran,2022-2022,6,5,3,30,15*,15.00,85.71,-,-,2
J Dawood,2022-2022,13,4,2,9,3*,4.50,64.28,-,-,-
Dawood Ahmadzai,2022-2022,5,1,-,3,3,3.00,23.07,-,-,-
LA Dawson,2022-2022,38,30,9,273,34,13.00,117.67,-,-,1
J Da Silva,2022-2022,1,1,-,19,19,19.00,105.55,-,-,-
TJ Dean,2022-2022,1,1,-,32,32,32.00,123.07,-,-,-
TB de Bruyn,2022-2022,17,17,4,367,63*,28.23,129.22,-,1,1
C de Grandhomme,2022-2022,11,11,2,283,86,31.44,134.12,-,1,-
J de Klerk,2022-2022,2,2,1,6,5,6.00,66.66,-,-,-
Q de Kock,2022-2022,54,53,5,1384,140*,28.83,136.22,1,9,6
S Delai,2022-2022,1,1,-,16,16,16.00,55.17,-,-,-
M de Lange,2022-2022,11,4,2,9,7*,4.50,69.23,-,-,1
DC Delany,2022-2022,7,2,-,2,2,1.00,50.00,-,-,1
GJ Delany,2022-2022,34,30,5,445,51*,17.80,134.03,-,1,3
BFW de Leede,2022-2022,15,15,6,382,91*,42.44,108.52,-,3,1
S de Livera,2022-2022,2,2,-,42,26,21.00,116.66,-,-,-
CS Delport,2022-2022,11,9,1,165,51*,20.62,147.32,-,1,-
L Delport,2022-2022,2,2,1,14,7*,14.00,127.27,-,-,-
S de Mel,2022-2022,5,5,-,41,17,8.20,80.39,-,-,1
JL Denly,2022-2022,13,13,-,423,110,32.53,123.32,1,1,1
L Denny,2022-2022,6,5,1,81,45,20.25,126.56,-,-,-
CDJ Dent,2022-2022,5,4,-,97,40,24.25,161.66,-,-,-
A Denuwan,2022-2022,3,-,-,-,-,0.00,0.00,-,-,-
K Deobrat,2022-2022,2,2,-,1,1,0.50,14.28,-,-,1
HM Desai,2022-2022,3,3,1,94,59*,47.00,123.68,-,1,-
HS Desai,2022-2022,4,4,-,54,26,13.50,108.00,-,-,-
MD Desai,2022-2022,5,5,-,27,9,5.40,56.25,-,-,-
SJ Desai,2022-2022,1,1,-,4,4,4.00,44.44,-,-,-
TU Deshpande,2022-2022,12,2,1,4,3,4.00,80.00,-,-,-
DM de Silva,2022-2022,20,18,1,343,66*,20.17,121.63,-,1,3
A de Silva,2022-2022,5,3,1,11,5,5.50,110.00,-,-,-
IA De Silva,2022-2022,17,17,1,390,59,24.37,116.07,-,3,1
J de Zilva,2022-2022,5,5,-,81,24,16.20,100.00,-,-,1
LHSP de Silva,2022-2022,5,5,-,119,63,23.80,98.34,-,1,-
M de Silva,2022-2022,5,4,1,45,16,15.00,86.53,-,-,-
M de Silva,2022-2022,6,4,-,26,15,6.50,63.41,-,-,1
PC de Silva,2022-2022,9,8,-,106,61,13.25,143.24,-,1,1
PVR de Silva,2022-2022,8,8,-,142,59,17.75,115.44,-,1,1
R de Silva,2022-2022,3,1,-,5,5,5.00,100.00,-,-,-
Senal de Silva,2022-2022,6,3,1,7,3*,3.50,31.81,-,-,-
STRA de Silva,2022-2022,7,5,2,99,46*,33.00,97.05,-,-,1
WLRK de Silva,2022-2022,6,6,-,22,14,3.66,66.66,-,-,1
S Dilshan,2022-2022,2,-,-,-,-,0.00,0.00,-,-,-
P Desungnoen,2022-2022,1,-,-,-,-,0.00,0.00,-,-,-
S Desungnoen,2022-2022,5,5,-,12,6,2.40,25.00,-,-,1
R de Swardt,2022-2022,6,3,1,46,22,23.00,92.00,-,-,-
Devender Singh,2022-2022,9,9,1,109,23,13.62,96.46,-,-,-
C Devinda,2022-2022,6,2,1,11,8,11.00,39.28,-,-,-
L Dawatage,2022-2022,4,2,-,44,41,22.00,115.78,-,-,-
RA Dey,2022-2022,7,7,3,85,43*,21.25,128.78,-,-,-
M Deyal,2022-2022,6,6,-,66,35,11.00,111.86,-,-,2
T de Zorzi,2022-2022,9,9,-,176,45,19.55,123.94,-,-,1
LA de Zoysa,2022-2022,6,1,-,4,4,4.00,50.00,-,-,-
S Dhakal,2022-2022,2,-,-,-,-,0.00,0.00,-,-,-
NS Dhaliwal,2022-2022,5,5,2,136,54*,45.33,134.65,-,1,-
N Dhamba,2022-2022,1,1,-,3,3,3.00,50.00,-,-,-
R Dhanda,2022-2022,5,-,-,-,-,0.00,0.00,-,-,-
HGKD Dhanushka,2022-2022,5,5,-,44,36,8.80,122.22,-,-,2
Dharmang Patel,2022-2022,5,1,-,17,17,17.00,60.71,-,-,-
D Dharmasiri,2022-2022,7,7,-,46,18,6.57,80.70,-,-,2
Dharm Singh,2022-2022,2,2,-,3,3,1.50,33.33,-,-,1
R Dhawan,2022-2022,13,10,5,81,22,16.20,112.50,-,-,-
S Dhawan,2022-2022,15,15,2,497,88*,38.23,123.63,-,3,-
P Dhiman,2022-2022,4,4,-,41,29,10.25,74.54,-,-,-
R Dhiman,2022-2022,4,3,1,17,9*,8.50,100.00,-,-,-
A Dhingra,2022-2022,7,1,-,1,1,1.00,33.33,-,-,-
MS Dhoni,2022-2022,14,13,6,232,50*,33.14,123.40,-,1,-
YV Dhull,2022-2022,8,8,3,363,73,72.60,131.52,-,3,-
MT Diaby,2022-2022,7,6,-,36,13,6.00,59.01,-,-,1
SG Diaby,2022-2022,6,4,1,50,41*,16.66,113.63,-,-,1
MS Diakite,2022-2022,4,4,-,14,8,3.50,73.68,-,-,1
PD Dias,2022-2022,2,2,-,27,15,13.50,77.14,-,-,-
S Dias,2022-2022,2,2,-,25,25,12.50,86.20,-,-,1
MS Diawara,2022-2022,7,5,-,12,9,2.40,37.50,-,-,2
C Dickson,2022-2022,6,4,-,58,28,14.50,93.54,-,-,-
HB Dickson,2022-2022,3,3,-,65,51,21.66,130.00,-,1,1
N Dickwella,2022-2022,20,19,2,331,76*,19.47,121.24,-,3,6
T Dickwella,2022-2022,1,1,-,23,23,23.00,121.05,-,-,-
I Dikgale,2022-2022,3,3,-,38,28,12.66,146.15,-,-,-
A Dilhara,2022-2022,3,2,-,14,12,7.00,77.77,-,-,-
K Dilhara,2022-2022,5,5,1,46,25,11.50,97.87,-,-,-
C Dilsara,2022-2022,6,6,4,9,5*,4.50,90.00,-,-,-
MNM Dilshad,2022-2022,5,1,1,-,0*,0.00,0.00,-,-,-
HGK Dilshan,2022-2022,3,-,-,-,-,0.00,0.00,-,-,-
MD Dilshan,2022-2022,6,6,1,149,55*,29.80,107.97,-,1,-
MVTP Dilshan,2022-2022,1,1,-,-,-,0.00,0.00,-,-,1
WT Dilshan,2022-2022,2,2,-,14,14,7.00,66.66,-,-,1
Y Dishan,2022-2022,3,2,1,14,8,14.00,93.33,-,-,-
SDJJ Dima,2022-2022,7,3,1,7,5*,3.50,35.00,-,-,1
T Dinoshan,2022-2022,3,2,1,25,15*,25.00,119.04,-,-,-
S Disanayaka,2022-2022,6,2,1,36,32,36.00,120.00,-,-,-
JN Diseko,2022-2022,6,2,2,26,14*,0.00,96.29,-,-,-
B Dissanayake,2022-2022,2,2,-,59,52,29.50,103.50,-,1,-
C Dissanayake,2022-2022,1,1,1,5,5*,0.00,100.00,-,-,-
TA Dithole,2022-2022,7,4,-,42,22,10.50,89.36,-,-,-
Divyendra Singh,2022-2022,9,5,-,32,9,6.40,78.04,-,-,-
Divyes Kumar,2022-2022,1,-,-,-,-,0.00,0.00,-,-,-
S Diwangana,2022-2022,2,2,-,6,6,3.00,42.85,-,-,1
M Dixit,2022-2022,7,6,2,55,25*,13.75,98.21,-,-,1
A Dizija,2022-2022,10,10,-,303,92,30.30,115.64,-,3,1
A Djorovic,2022-2022,3,1,-,15,15,15.00,60.00,-,-,-
BM Dlamini,2022-2022,5,5,-,14,10,2.80,53.84,-,-,3
LE Dlamini,2022-2022,7,4,1,27,14,9.00,72.97,-,-,-
NM Dlamini,2022-2022,3,3,-,33,23,11.00,97.05,-,-,-
W Dlamini,2022-2022,8,7,-,30,12,4.28,88.23,-,-,-
KK Dobell,2022-2022,3,2,1,3,3*,3.00,50.00,-,-,1
GH Dockrell,2022-2022,33,30,11,605,69*,31.84,156.33,-,3,3
J Dodd,2022-2022,2,2,-,29,22,14.50,120.83,-,-,-
B Doggett,2022-2022,7,2,1,5,4,5.00,166.66,-,-,-
P Dogra,2022-2022,2,2,-,17,12,8.50,62.96,-,-,-
ST Doheny,2022-2022,10,10,2,400,74*,50.00,134.22,-,4,-
BL D'Oliveira,2022-2022,16,15,-,325,71,21.66,135.98,-,2,1
AHT Donald,2022-2022,4,4,-,20,14,5.00,64.51,-,-,1
PG Dooley,2022-2022,6,5,4,27,10*,27.00,84.37,-,-,-
T Doria,2022-2022,7,7,-,117,40,16.71,85.40,-,-,1
RM Dorji,2022-2022,6,6,-,22,11,3.66,39.28,-,-,1
DA Douthwaite,2022-2022,14,10,5,180,51*,36.00,183.67,-,1,-
D Doyle-Calle,2022-2022,13,13,-,257,50,19.76,111.73,-,1,-
DC Drakes,2022-2022,21,11,-,106,38,9.63,116.48,-,-,1
S Draunivudi,2022-2022,3,1,1,6,6*,0.00,150.00,-,-,-
GS Drissell,2022-2022,2,-,-,-,-,0.00,0.00,-,-,-
MK Dube,2022-2022,4,3,2,5,3*,5.00,71.42,-,-,-
HS Dubey,2022-2022,4,-,-,-,-,0.00,0.00,-,-,-
S Dube,2022-2022,21,19,6,475,95*,36.53,141.79,-,2,1
SB Dubey,2022-2022,8,8,2,180,49*,30.00,121.62,-,-,-
SS Dubhashi,2022-2022,1,1,1,6,6*,0.00,54.54,-,-,-
BM Duckett,2022-2022,38,38,6,998,70*,31.18,145.26,-,6,2
KJ Dudgeon,2022-2022,4,3,-,35,27,11.66,116.66,-,-,-
JA Duffy,2022-2022,9,4,2,6,5,3.00,120.00,-,-,1
B Dugic,2022-2022,3,1,-,-,-,0.00,0.00,-,-,1
G Dukes,2022-2022,4,4,1,45,24,15.00,121.62,-,-,-
GHV Dulsara,2022-2022,6,6,1,41,14*,8.20,89.13,-,-,-
PWS Dulshan,2022-2022,3,-,-,-,-,0.00,0.00,-,-,-
H Dumindu,2022-2022,8,8,1,147,54,21.00,132.43,-,1,-
LA Dunbar,2022-2022,11,11,3,386,117,48.25,144.02,1,2,-
JSE Dunford,2022-2022,8,4,3,25,18*,25.00,138.88,-,-,1
BR Dunk,2022-2022,2,1,-,9,9,9.00,81.81,-,-,-
DM Dupavillon,2022-2022,20,7,4,14,7*,4.66,77.77,-,-,1
F du Plessis,2022-2022,50,49,5,1352,103,30.72,141.86,2,7,4
JL du Plooy,2022-2022,28,26,6,531,59*,26.55,144.29,-,2,3
E Dusingizimana,2022-2022,22,22,2,462,66*,23.10,104.52,-,2,2
A Dutt,2022-2022,1,-,-,-,-,0.00,0.00,-,-,-
MK Dutta,2022-2022,7,1,-,6,6,6.00,75.00,-,-,-
N Dutta,2022-2022,6,1,1,17,17*,0.00,130.76,-,-,-
BJ Dwarshuis,2022-2022,15,9,4,82,66,16.40,170.83,-,1,3
V Dwivedi,2022-2022,2,2,1,12,7,12.00,66.66,-,-,-
Dylan Steyn,2022-2022,15,15,-,465,106,31.00,132.85,1,2,-
AR Easwaran,2022-2022,6,6,1,174,46,34.80,107.40,-,-,1
Ebadot Hossain,2022-2022,9,1,1,1,1*,0.00,50.00,-,-,-
GA Ebert,2022-2022,2,1,-,1,1,1.00,50.00,-,-,-
EJH Eckersley,2022-2022,14,13,5,213,46,26.62,139.21,-,-,3
LEK Edirisinghe,2022-2022,10,6,-,84,33,14.00,118.30,-,-,1
KHK Ediriweera,2022-2022,4,4,-,65,29,16.25,75.58,-,-,-
LM Edward,2022-2022,3,1,1,6,6*,0.00,100.00,-,-,-
J Edwards,2022-2022,6,6,-,110,40,18.33,110.00,-,-,-
SA Edwards,2022-2022,15,15,6,183,26*,20.33,96.82,-,-,-
Ehsan Khan,2022-2022,10,6,2,10,6*,2.50,62.50,-,-,2
EMKB Ekanayake,2022-2022,1,1,-,-,-,0.00,0.00,-,-,1
PM Ekanayake,2022-2022,3,2,1,17,13,17.00,80.95,-,-,-
Elan Talker,2022-2022,3,-,-,-,-,0.00,0.00,-,-,-
I Elec,2022-2022,4,4,-,10,5,2.50,34.48,-,-,1
D Elgar,2022-2022,1,1,-,12,12,12.00,100.00,-,-,-
Elias Hasan,2022-2022,6,4,1,29,11,9.66,100.00,-,-,-
JKP Ellick,2022-2022,2,-,-,-,-,0.00,0.00,-,-,-
SM Elliott,2022-2022,1,-,-,-,-,0.00,0.00,-,-,-
NT Ellis,2022-2022,33,22,12,91,21,9.10,98.91,-,-,3
Emal,2022-2022,2,1,1,-,0*,0.00,0.00,-,-,-
L Emilio,2022-2022,15,10,3,108,31*,15.42,83.07,-,-,1
A Eranda,2022-2022,6,6,-,80,27,13.33,84.21,-,-,1
MG Erasmus,2022-2022,11,11,3,306,100*,38.25,122.40,1,1,1
Eric Phiri,2022-2022,11,9,-,39,10,4.33,70.90,-,-,-
MN Erlank,2022-2022,4,4,-,56,22,14.00,105.66,-,-,-
CR Ervine,2022-2022,27,27,1,383,58,14.73,101.86,-,2,1
SS Eskinazi,2022-2022,14,14,1,431,87,33.15,151.76,-,2,-
C Esterhuizen,2022-2022,1,-,-,-,-,0.00,0.00,-,-,-
AC Evans,2022-2022,1,1,-,8,8,8.00,160.00,-,-,-
B Evans,2022-2022,16,11,4,89,21*,12.71,107.22,-,-,-
J Evans,2022-2022,4,4,-,33,24,8.25,106.45,-,-,1
LJ Evans,2022-2022,34,31,6,687,76*,27.48,142.82,-,3,2
Z Evans,2022-2022,4,1,1,-,0*,0.00,0.00,-,-,-
JDM Evison,2022-2022,1,-,-,-,-,0.00,0.00,-,-,-
Fahad Nawaz,2022-2022,1,-,-,-,-,0.00,0.00,-,-,-
Faheem Ashraf,2022-2022,12,9,4,139,55,27.80,182.89,-,1,1
Faheem Nazir,2022-2022,7,7,1,382,113,63.66,151.58,2,2,-
Fahim Bahrami,2022-2022,2,-,-,-,-,0.00,0.00,-,-,-
Faisal Akram,2022-2022,6,2,-,2,2,1.00,40.00,-,-,1
Faisal Khan,2022-2022,7,7,1,106,81*,17.66,170.96,-,1,2
Faisal Mubashir,2022-2022,5,4,1,83,45*,27.66,127.69,-,-,1
Faizan Khan,2022-2022,8,7,-,231,72,33.00,176.33,-,3,-
Fakhar Zaman,2022-2022,22,22,-,707,106,32.13,140.55,1,8,3
Fakhrul Mohon,2022-2022,4,3,2,20,12*,20.00,133.33,-,-,1
Faraz Ali,2022-2022,4,3,1,28,13,14.00,147.36,-,-,-
Fareed Ahmad,2022-2022,16,5,3,18,7,9.00,62.06,-,-,-
Farhad Reza,2022-2022,7,2,-,6,6,3.00,120.00,-,-,1
Farhan Zakhil,2022-2022,7,6,-,98,52,16.33,102.08,-,1,1
Faridoon Dawoodzai,2022-2022,2,1,1,-,0*,0.00,0.00,-,-,-
Farmanullah,2022-2022,7,7,2,165,53*,33.00,135.24,-,1,1
IM Farrell,2022-2022,1,1,-,-,-,0.00,0.00,-,-,1
G Fatouros,2022-2022,4,4,-,84,50,21.00,116.66,-,1,-
JP Faulkner,2022-2022,6,3,2,49,30*,49.00,181.48,-,-,-
Fawad Ahmed,2022-2022,9,2,2,4,4*,0.00,200.00,-,-,-
Fayaz Khan,2022-2022,5,4,1,21,15*,7.00,105.00,-,-,1
Fayaz Mohammad,2022-2022,4,3,-,21,12,7.00,123.52,-,-,-
Fayyaz Butt,2022-2022,7,3,1,19,12,9.50,55.88,-,-,-
Fazalhaq Farooqi,2022-2022,35,5,3,3,2*,1.50,23.07,-,-,2
Fazal Niazai,2022-2022,3,3,1,22,16*,11.00,122.22,-,-,1
Fazal Zazai,2022-2022,6,6,1,152,72*,30.40,100.66,-,2,-
Fazil Rashid,2022-2022,7,3,1,15,12,7.50,62.50,-,-,-
LB Ferbrache,2022-2022,12,9,2,118,28,16.85,86.13,-,-,1
NS Felane,2022-2022,3,-,-,-,-,0.00,0.00,-,-,-
LH Ferguson,2022-2022,33,13,6,79,30,11.28,133.89,-,-,2
A Fernando,2022-2022,1,1,-,7,7,7.00,63.63,-,-,-
AD Fernando,2022-2022,6,6,1,56,21,11.20,100.00,-,-,1
AM Fernando,2022-2022,9,1,1,10,10*,0.00,333.33,-,-,-
N Pradeep,2022-2022,13,6,2,16,10,4.00,47.05,-,-,1
B Fernando,2022-2022,13,4,3,12,4*,12.00,85.71,-,-,-
BOP Fernando,2022-2022,5,4,2,65,44*,32.50,116.07,-,-,1
C Fernando,2022-2022,6,5,1,56,21,14.00,72.72,-,-,1
C Fernando,2022-2022,4,2,-,13,11,6.50,68.42,-,-,-
GSJ Fernando,2022-2022,1,1,-,4,4,4.00,30.76,-,-,-
HSD Fernando,2022-2022,7,6,1,35,16,7.00,62.50,-,-,1
KNM Fernando,2022-2022,12,12,1,215,80*,19.54,113.75,-,1,1
MNK Fernando,2022-2022,15,14,2,369,126*,30.75,139.24,1,2,1
MVT Fernando,2022-2022,2,-,-,-,-,0.00,0.00,-,-,-
Nawanjaya Fernando,2022-2022,3,1,-,1,1,1.00,11.11,-,-,-
NN Fernando,2022-2022,4,3,2,10,7*,10.00,62.50,-,-,-
P Fernando,2022-2022,2,1,-,-,-,0.00,0.00,-,-,1
PNP Fernando,2022-2022,5,5,1,56,27*,14.00,100.00,-,-,-
PSU Fernando,2022-2022,5,4,-,36,18,9.00,97.29,-,-,-
RS Fernando,2022-2022,9,6,3,60,20*,20.00,142.85,-,-,1
S Fernando,2022-2022,3,3,-,31,19,10.33,68.88,-,-,-
S Fernando,2022-2022,5,4,1,97,72,32.33,118.29,-,1,-
